model,accuracy,precision,recall,f1_score
logistic_regression,0.8064516129032258,0.8444444444444444,0.8837209302325582,0.8636363636363636
decision_tree,0.7741935483870968,0.8372093023255814,0.8372093023255814,0.8372093023255814
random_forest,0.8870967741935484,0.9090909090909091,0.9302325581395349,0.9195402298850575
