mae,r2
9.379354838709677,0.38912129632244585
